uri,handle,text,createdAt,lang,record
at://did:plc:z72i7hdynmk6r22z27h6tvur/app.bsky.feed.post/3lktlkvngcc2k,bsky.app,publishers have already shared that theyre receiving more and higherquality engagement bluesky compared to legacy platforms referral metrics help newsrooms more accurately measure blueskys role in reaching their audiences,2025-03-20T20:57:11.275Z,en,"{""uri"": ""at://did:plc:z72i7hdynmk6r22z27h6tvur/app.bsky.feed.post/3lktlkvngcc2k"", ""handle"": ""bsky.app"", ""text"": ""publishers have already shared that theyre receiving more and higherquality engagement bluesky compared to legacy platforms referral metrics help newsrooms more accurately measure blueskys role in reaching their audiences"", ""createdAt"": ""2025-03-20T20:57:11.275Z"", ""lang"": ""en""}"
at://did:plc:z72i7hdynmk6r22z27h6tvur/app.bsky.feed.post/3lktlkvneds2k,bsky.app,we view the bluesky app a lobby to the open social web and we dont demote or throttle links we believe it should be easy for you to connect your social following here with your web presence elsewhere,2025-03-20T20:57:11.274Z,en,"{""uri"": ""at://did:plc:z72i7hdynmk6r22z27h6tvur/app.bsky.feed.post/3lktlkvneds2k"", ""handle"": ""bsky.app"", ""text"": ""we view the bluesky app a lobby to the open social web and we dont demote or throttle links we believe it should be easy for you to connect your social following here with your web presence elsewhere"", ""createdAt"": ""2025-03-20T20:57:11.274Z"", ""lang"": ""en""}"
at://did:plc:z72i7hdynmk6r22z27h6tvur/app.bsky.feed.post/3lktlkvn2lc2k,bsky.app,we links starting this week weve made it even easier for newsrooms and more to track how much traffic bluesky is sending to their sites for those setting up analytics blueskys referrer is gobskyapp,2025-03-20T20:57:11.273Z,en,"{""uri"": ""at://did:plc:z72i7hdynmk6r22z27h6tvur/app.bsky.feed.post/3lktlkvn2lc2k"", ""handle"": ""bsky.app"", ""text"": ""we links starting this week weve made it even easier for newsrooms and more to track how much traffic bluesky is sending to their sites for those setting up analytics blueskys referrer is gobskyapp"", ""createdAt"": ""2025-03-20T20:57:11.273Z"", ""lang"": ""en""}"
at://did:plc:z72i7hdynmk6r22z27h6tvur/app.bsky.feed.post/3lkodsrv3os2h,bsky.app,be sure to place an order within 7 days added a xxl size to accommodate the high demand and ensure that everyone who wants a shirt can get one were unable to subsidize shipping costs for this drop thanks for understanding worldwithoutcaesarscom,2025-03-18T18:55:06.017Z,en,"{""uri"": ""at://did:plc:z72i7hdynmk6r22z27h6tvur/app.bsky.feed.post/3lkodsrv3os2h"", ""handle"": ""bsky.app"", ""text"": ""be sure to place an order within 7 days added a xxl size to accommodate the high demand and ensure that everyone who wants a shirt can get one were unable to subsidize shipping costs for this drop thanks for understanding worldwithoutcaesarscom"", ""createdAt"": ""2025-03-18T18:55:06.017Z"", ""lang"": ""en""}"
at://did:plc:z72i7hdynmk6r22z27h6tvur/app.bsky.feed.post/3lkodsqshc22h,bsky.app,the shirts are back in stock worldwithoutcaesarscom,2025-03-18T18:55:06.016Z,en,"{""uri"": ""at://did:plc:z72i7hdynmk6r22z27h6tvur/app.bsky.feed.post/3lkodsqshc22h"", ""handle"": ""bsky.app"", ""text"": ""the shirts are back in stock worldwithoutcaesarscom"", ""createdAt"": ""2025-03-18T18:55:06.016Z"", ""lang"": ""en""}"
at://did:plc:z72i7hdynmk6r22z27h6tvur/app.bsky.feed.post/3lkbt5dfu4s2w,bsky.app,and 30 minutes later weve already sold out of shirts in all sizes,2025-03-13T19:24:50.599Z,en,"{""uri"": ""at://did:plc:z72i7hdynmk6r22z27h6tvur/app.bsky.feed.post/3lkbt5dfu4s2w"", ""handle"": ""bsky.app"", ""text"": ""and 30 minutes later weve already sold out of shirts in all sizes"", ""createdAt"": ""2025-03-13T19:24:50.599Z"", ""lang"": ""en""}"
at://did:plc:z72i7hdynmk6r22z27h6tvur/app.bsky.feed.post/3lkbqli7hlc25,bsky.app,worldwithoutcaesarscom,2025-03-13T18:39:04.169Z,en,"{""uri"": ""at://did:plc:z72i7hdynmk6r22z27h6tvur/app.bsky.feed.post/3lkbqli7hlc25"", ""handle"": ""bsky.app"", ""text"": ""worldwithoutcaesarscom"", ""createdAt"": ""2025-03-13T18:39:04.169Z"", ""lang"": ""en""}"
at://did:plc:usnby53kkz3c6buqc43uxfmx/app.bsky.feed.post/3lk2pk3b4ms2u,twolinestudios.bsky.social,bskyteam visual notes from her keynote today at community open source creativity connection graphic recording by bskysocial of twolinestudios sxsw sxsw2025 graphicrecording,2025-03-10T23:31:45.118Z,en,"{""uri"": ""at://did:plc:usnby53kkz3c6buqc43uxfmx/app.bsky.feed.post/3lk2pk3b4ms2u"", ""handle"": ""twolinestudios.bsky.social"", ""text"": ""bskyteam visual notes from her keynote today at community open source creativity connection graphic recording by bskysocial of twolinestudios sxsw sxsw2025 graphicrecording"", ""createdAt"": ""2025-03-10T23:31:45.118Z"", ""lang"": ""en""}"
at://did:plc:mqvpu6uv6non7jmj7nntwx5u/app.bsky.feed.post/3lk2kln3q3k2e,sxsw.com,app ceo bskyteam details how the platform utilizes open networks to allow users to craft their own social media experience while maintaining their personal privacy,2025-03-10T22:03:08.670Z,en,"{""uri"": ""at://did:plc:mqvpu6uv6non7jmj7nntwx5u/app.bsky.feed.post/3lk2kln3q3k2e"", ""handle"": ""sxsw.com"", ""text"": ""app ceo bskyteam details how the platform utilizes open networks to allow users to craft their own social media experience while maintaining their personal privacy"", ""createdAt"": ""2025-03-10T22:03:08.670Z"", ""lang"": ""en""}"
